{"cameraMode":{"drawMode":0,"name":"Shaded","section":"Shading Mode"},"sceneLighting":false,"audioPlay":false,"sceneViewState":{"showFog":true,"showMaterialUpdate":false,"showSkybox":false,"showFlares":true,"showImageEffects":true,"showParticleSystems":true},"in2DMode":false,"pivot":{"x":5.266968727111816,"y":4.804133415222168,"z":3.255246162414551},"rotation":{"x":0.08373726904392243,"y":-0.7660098671913147,"z":0.10195446759462357,"w":0.629144012928009},"size":2.849302053451538,"orthographic":false}