{"cameraMode":{"drawMode":0,"name":"Shaded","section":"Shading Mode"},"sceneLighting":true,"audioPlay":false,"sceneViewState":{"showFog":true,"showMaterialUpdate":false,"showSkybox":true,"showFlares":true,"showImageEffects":true,"showParticleSystems":true},"in2DMode":false,"pivot":{"x":71.0239486694336,"y":11.197746276855469,"z":-25.837472915649415},"rotation":{"x":-0.14286258816719056,"y":0.4395081400871277,"z":-0.07103298604488373,"w":-0.8839554786682129},"size":5.678322792053223,"orthographic":false}